,code,rca_arg,rca_bra,rca_deu,rca_chn,pci,cog,description,export,category,id
0,460120,0.0,0.01242288694681877,0.2573336612154828,5.836284526390938,-1.9831005632243857,-0.24236492185634165,"Mats, matting and screens, vegetable plaiting materia",0.0,"Paper, Pulp of Wood or of Fibrous Material",460120
1,730820,0.123577353583643,0.4483825320428237,0.7689132791906682,1.4755179758544013,-0.6318421859924139,-0.2680551015553668,"Towers and lattice masts, iron or steel",1450602.2,Base Metals,730820
2,732111,0.009406648598524458,0.4675803392079343,0.27998941420867424,3.0088159336994025,-0.2583664379077525,-0.03151946094989383,"Cooking appliances for gas fuel, etc, iron or steel",169610.4,Base Metals,732111
3,732490,0.026808001071246042,0.04950954922036576,1.4984178463684656,3.4634697697255663,0.34449352993865995,0.02464728607469135,"Sanitary ware and parts thereof, iron or steel, nes",135885.6,Base Metals,732490
4,840290,0.10599208506771156,0.12202683944589204,0.5560819259324,2.1731227403268605,0.3606946940857118,0.041841882269830974,Parts of steam or vapour generating boilers nes,1186136.2,"Machinery, Electrical",840290
5,840410,0.004388689503973915,0.34804547991071205,0.5883641863534737,2.509267760562236,0.4304218618076769,0.17808016799028656,Auxiliary plant for steam/vapour generating boilers,13984.4,"Machinery, Electrical",840410
6,840510,0.1353178045626464,0.3538432409386819,0.8951863791221922,0.5372982622737741,0.06292646957161106,-0.02701207999749176,"Producer, water and acetylene gas generators",274591.2,"Machinery, Electrical",840510
7,840619,4.6372928621215e-05,2.1194394873879494,2.1762531975444634,0.9269070953241522,1.277642682703534,0.33661544738655225,Steam and vapour turbines nes,276.0,"Machinery, Electrical",840619
8,840999,0.6786288035352724,2.1934549419254465,2.8890755227029272,0.4591799131643744,0.8848354047602819,0.10405299088449778,Parts for diesel and semi-diesel engines,78199300.6,"Machinery, Electrical",840999
9,841011,0.3952430639274329,0.31112789140570624,1.3387439232572806,0.9295199244148938,0.20676251305972335,0.13910878512426564,"Hydraulic turbines, water wheels, power < 1000 kW",152232.4,"Machinery, Electrical",841011
10,841012,0.02631271784441544,0.7276927056259302,1.835632163729923,1.1999725806665544,0.4844301903876618,0.13026237402592986,"Hydraulic turbines, water wheels, power 1000-10000 kW",10358.4,"Machinery, Electrical",841012
11,841090,0.941910794878314,2.024643707051514,0.8195210676783431,1.8026494500864592,0.16498076995206618,-0.017709287190425808,Parts of hydraulic turbines and water wheels,3727080.0,"Machinery, Electrical",841090
12,841181,0.03933599521647035,0.4044719088596346,0.4909543383609093,0.05730235699360545,1.0898693722880541,0.2309023394710413,Gas turbine engines nes of a power < 5000 kW,322320.6,"Machinery, Electrical",841181
13,841182,0.21289796694667495,0.0861419684655768,0.9992306480167328,0.11666653056194685,0.054680078783681606,0.26717029276280585,Gas turbine engines nes of a power > 5000 kW,5769586.4,"Machinery, Electrical",841182
14,841861,0.0026755890275087266,0.01850675942961116,1.4804161538797935,0.6366891132062887,1.1206672392069037,0.22819438883508894,Compression refrigeration equipment with heat exchang,20935.8,"Machinery, Electrical",841861
15,841919,0.2458220971892711,0.035621480200425416,1.2836515950232887,0.650602991070226,0.4480274245296804,0.08297528153227463,"Instantaneous/storage water heaters, not electric nes",1554621.6,"Machinery, Electrical",841919
16,841950,0.1442907317060306,0.2552006133632897,1.4895670069005789,0.7042946751056222,1.4804453988157316,0.2870277297990991,"Heat exchange units, non-domestic, non-electric",5102514.4,"Machinery, Electrical",841950
17,847989,0.106698710357784,0.2344614087236424,2.1063642703427528,0.5478850755114226,2.2411236341942686,0.481163047257979,Machines and mechanical appliances nes,19223043.0,"Machinery, Electrical",847989
18,850230,0.041262216700778113,0.6239572597581955,2.4969123609914243,0.4342930515543037,1.2045866471419833,0.2235409140864016,"Electric generating sets, nes",1555205.0,Transportation,850230
19,850410,0.1364041029288783,0.09344744170467033,1.3794910173910686,2.0768778615218464,0.5831780657080049,0.14471651815018802,Ballasts for discharge lamps or tubes,1067498.8,Transportation,850410
20,853710,0.0635439062680636,0.15517744101086098,2.2791280373682,0.8529635067514614,0.5382960406533014,0.08824482320956169,"Electrical control and distribution boards, < 1kV",11747220.2,Transportation,853710
21,854140,0.0019813583270554096,0.003524938454699174,0.7179919627021579,2.8788175562817617,0.8285991178029719,0.14525375600971946,Photosensitive/photovoltaic/LED semiconductor devices,328072.6,Transportation,854140
22,900190,0.000749798342227057,0.003716282548118768,0.8330956861547485,1.7550929188105195,1.4785379525036488,0.30969736810367604,"Prisms, mirrors and optical elements nes, unmounted",19721.4,Precision Instruments,900190
23,900290,0.04301487407011608,0.013540094026344679,2.514002947318128,1.0857286733140592,0.9048347432578929,0.24249035289674625,"Mounted lenses, prisms, mirrors, optical elements nes",326750.6,Precision Instruments,900290
24,902730,0.04396548497238422,0.02131282461347694,2.3564599789245038,0.26249864194089784,1.9819020122802544,0.4405971481491695,"Spectrometers, spectrophotometers, etc using light",573343.0,Precision Instruments,902730
25,903210,0.2766106695414705,0.15352117129231396,1.547831745451104,1.3506398866936369,0.9373441678642336,0.17393337409389498,Thermostats,3623317.4,Precision Instruments,903210
26,840420,0.021756269549996574,0.2526848168889461,0.22325841740039493,2.0174454494501783,-0.22037467851192186,-0.025070402497658885,Condensers for steam or vapour power units,24770.8,"Machinery, Electrical",840420
27,840490,0.004110654160933421,0.19281189191207965,0.6218977568651903,1.4341670756456997,0.722068293846615,0.052573300239305835,"Steam, vapour generating boiler auxiliary plant parts",11628.4,"Machinery, Electrical",840490
28,840690,0.030519456591247718,0.13116901531279304,1.4227482837164418,1.0403034636874438,1.189109412323364,0.3062420804895269,Parts of steam and vapour turbines,457013.6,"Machinery, Electrical",840690
29,841199,0.06550947816574701,0.06272968363759941,1.1447539686928176,0.2276519875319281,1.805274320563218,0.4456053124520575,Parts of gas turbine engines except turbo-jet/prop,4743323.8,"Machinery, Electrical",841199
30,841290,0.06210794554799288,1.4390651276098132,1.3488211480185388,1.2629468369275059,0.7826554824069895,0.15841023088673245,Parts of hydraulic/pneumatic/other power engines,1569359.4,"Machinery, Electrical",841290
31,841780,0.2990474555738369,0.2452741171694937,0.9615334362950844,2.087567870282263,0.4608058008532514,0.07422704198978627,"Industrial furnace, oven, incinerator non-electric ne",1314070.2,"Machinery, Electrical",841780
32,841790,0.028924901255939637,0.5608879613178197,1.7987512424786791,1.248471273780644,0.5933131454927401,0.05456655240735025,Parts of industrial or laboratory furnaces/ovens,209398.8,"Machinery, Electrical",841790
33,841939,1.1301559356049675,0.4308175142795632,2.0744243716280644,1.2407399307654916,1.3349920643936817,0.2611261266295468,"Non-domestic, non-electric dryers nes",7255096.6,"Machinery, Electrical",841939
34,841960,1.1032643225388796,0.10368910776877853,1.4448675174905286,2.8266149448472584,0.041031707135613306,0.04410725708683639,Machinery for liquefying air or other gases,5773832.4,"Machinery, Electrical",841960
35,841989,0.6750189166658574,0.54978165064366,2.464828160729979,0.7640543949866192,0.9121723201418273,0.17839395427446847,Machinery for treatment by temperature change nes,17964092.2,"Machinery, Electrical",841989
36,841990,0.10197650114913484,0.1471078143112786,1.3384169545103266,1.0805879373763545,1.1801329884603708,0.2204490334454684,"Parts, laboratory/industrial heating/cooling machiner",2277788.2,"Machinery, Electrical",841990
37,842121,0.1654758512826339,0.35447520360098844,1.7655345206705466,0.826589904124221,0.8697170344302758,0.1465619750947199,Water filtering or purifying machinery or apparatus,4472193.4,"Machinery, Electrical",842121
38,842129,0.19805597330934874,1.1257137097128975,2.494302679707161,0.5574580297683398,1.5643272501369374,0.3969463071933709,Filtering/purifying machinery for liquids nes,5893279.0,"Machinery, Electrical",842129
39,842139,0.07374521316589687,0.27656084972710593,2.5163521578572494,0.6223353876735602,0.7539811434087379,0.2221799836591532,Filtering or purifying machinery for gases nes,5344233.0,"Machinery, Electrical",842139
40,842199,0.18354380976203355,0.2810973996268307,2.485193789856904,0.8519313635171669,1.2618659478080272,0.2801497065917331,Parts for filter/purifying machines for liquid/gas,8296162.4,"Machinery, Electrical",842199
41,847420,0.018141628627440905,0.7796568805695892,1.7436377018738003,1.6579746280231027,0.2639028684733918,0.026896731669517632,"Machines to crush or grind stone, ores and minerals",197668.4,"Machinery, Electrical",847420
42,847982,0.29358258448216185,0.3338027665544582,3.2121278018872306,0.7482132527767861,1.5566502995561808,0.3428209321540156,"Machines to mix, knead, crush, grind, etc, nes",4371873.6,"Machinery, Electrical",847982
43,847990,0.04352639968789692,0.05142347553564145,1.206028926257469,0.4566918975157402,2.013471284322055,0.4698917580879532,Parts of machines and mechanical appliances nes,5191276.8,"Machinery, Electrical",847990
44,850164,0.030319932550589707,1.6128605697510607,1.80225017033856,0.9189499875816176,0.6696934176733831,0.10830948569524554,"AC generators, of an output > 750 kVA",359664.8,Transportation,850164
45,850300,0.04997552211472702,0.7827980346876875,1.1470140059293659,1.6320455114661938,0.5464491450155301,0.01877748108069993,Parts for electric motors and generators,2924019.2,Transportation,850300
46,850490,0.036430186684376656,0.08596633048872218,1.2885428285232063,1.7679437904332478,0.3213831346180078,-0.03665717872632869,Parts of electrical transformers and inductors,1155903.0,Transportation,850490
47,851410,0.14157909618556788,0.09589276933701636,2.4777592633469814,0.8958289248084089,1.871626927285432,0.4261744630835071,Industrial electric resistance heated furnaces & oven,796755.6,Transportation,851410
48,851420,0.006415689899198521,0.2632969265464848,2.417974068411805,0.8009328267355118,1.1890654532313336,0.3021240375579671,"Industrial electric induction, dielectric furnace/ove",12231.2,Transportation,851420
49,851430,0.03375499396642676,0.2875747689967857,1.5004702325752848,1.4022095902218803,1.2534815078004446,0.3048588896512514,Industrial/laboratory electric furnaces and ovens nes,88747.0,Transportation,851430
50,851490,0.04250132959872426,0.19713998169317376,1.5356352644139668,0.8267822344556747,0.8381487265710779,0.32759868038251666,Parts of industrial/etc electric furnaces/ovens nes,213032.8,Transportation,851490
51,854390,0.005630588023869414,0.06381222990161692,0.5947480805286749,1.4055832636519263,0.7663019275832782,0.15514127140251124,Parts of electrical machines and apparatus nes,189883.6,Transportation,854390
52,901580,0.06521992710752146,0.1323551497020112,0.7481644334293424,0.5192398963693535,-0.6466237013764831,0.01627578221569316,"Surveying, etc instruments nes",948910.0,Precision Instruments,901580
53,902610,0.053687454492427615,0.3152683285197411,2.356692705719124,0.4824544946710782,1.3400624520868416,0.33560952158350604,Equipment to measure or check liquid flow or level,984809.4,Precision Instruments,902610
54,902620,0.033377358949336126,0.2264971706627936,2.650112303917049,0.6437487833772376,1.6777281838062588,0.4080147028028903,Equipment to measure or check pressure,1030664.8,Precision Instruments,902620
55,902680,0.037341813831243735,0.059026958968633025,2.7350651615796444,0.29091146287098896,1.2994875886002641,0.27800249385608944,"Equipment to measure, check gas/liquid properties nes",449242.6,Precision Instruments,902680
56,902690,0.03823096442602834,0.1247368804778107,1.5894180183899334,0.7806713322417419,1.3264362184167022,0.3394456456899204,Parts of equipment to measure or check fluid variable,538298.4,Precision Instruments,902690
57,902710,0.023876931679995703,0.3062328717823347,3.7901898085598638,0.20444394111503456,1.817227991425168,0.4599262279232523,Gas/smoke analysis apparatus,462983.8,Precision Instruments,902710
58,902720,0.014027524084766334,0.032372024240635,1.2786357796190897,0.6546903293551731,1.6956546502562568,0.4874123493098079,"Chromatographs, electrophoresis instruments",106725.6,Precision Instruments,902720
59,902750,0.06889551226486362,0.01690055343793121,2.3638181976411032,0.27991445342411675,1.88240414757392,0.42570690261759103,Instruments nes using optical radiations,1828828.4,Precision Instruments,902750
60,902780,0.05353513717331687,0.03708049611826307,2.0752607436454777,0.4512356963569579,2.1042981401328182,0.4548091986397632,"Equipment for physical or chemical analysis, nes",2090315.4,Precision Instruments,902780
61,902790,0.03233111999993072,0.10380934355113286,1.9080304336074605,0.4197378559637555,2.152726835560107,0.49547471652492897,"Microtomes, parts of scientific analysis equipment",1160720.6,Precision Instruments,902790
62,903180,0.09946859311744873,0.1265636061365486,2.5580446953593534,0.7443796098232396,1.3576587887834788,0.31592111385447097,"Measuring or checking equipment, nes",7330645.4,Precision Instruments,903180
63,903190,0.05268582676481586,0.06608283738899327,1.9843351541594063,0.6017604865457558,1.652567918999723,0.35531176455068386,"Parts and access for measuring, checking equipment ne",1302016.8,Precision Instruments,903190
64,903289,0.1293137886224778,0.5467045762547861,1.4952422563692769,0.7241876899429835,1.3518234636054178,0.3041444008277045,Automatic regulating/controlling equipment nes,9558820.8,Precision Instruments,903289
65,903290,0.041321796169309984,0.1038642407105244,1.111489986831028,0.78103477755327,0.7278379829319586,0.15490566194806266,Parts and accessories for automatic controls,757761.2,Precision Instruments,903290
66,903300,0.02559389653899924,0.06858649404392886,1.21963522084795,0.7429462977169868,0.862152128487673,0.0973094534744298,Parts/accessories nes for optical/electric instrument,251672.2,Precision Instruments,903300
67,441830,0.0064573281355317785,0.5674940597644519,1.125743043559362,1.057396977832329,0.2787215129402041,-0.009934662716749022,"Parquet panels and tiles, of wood",33487.4,Wood and Wood Products,441830
68,901380,0.0004841733784716461,0.003207337579437682,0.05789690683748085,3.386723303313858,0.9023819801641044,0.19031767655443235,"Optical devices, appliances and instruments, nes",91238.8,Precision Instruments,901380
69,901390,0.0016555721323652135,0.002803066110290269,0.774363759796777,1.9343938800461156,0.4326819939278532,0.20091008002491387,Parts and accessories of optical appliances nes,39568.2,Precision Instruments,901390
70,732510,0.04315888520631268,0.20475093325628804,2.009022918222156,1.323271519334278,0.3599922322171536,-0.026906556535667724,"Cast articles, of non-malleable cast iron nes",394292.4,Base Metals,732510
71,840991,0.4317969818511138,0.91314606019136,2.1569601378919034,0.6146809823572632,1.1572451436141689,0.2322347933110888,Parts for spark-ignition engines except aircraft,47877099.6,"Machinery, Electrical",840991
72,841013,2.0895631582980885,12.873854062332065,1.7656737396998452,1.2284120715022873,0.9444349469527136,0.23617777742637103,"Hydraulic turbines, water wheels, power > 10000 kW",1786577.8,"Machinery, Electrical",841013
73,841320,0.17734370620038706,0.08510307165460387,1.154180151897871,2.8227108718961698,0.10194275005026283,0.1789480218024576,Hand pumps not designed to measure flow,455947.8,"Machinery, Electrical",841320
74,841350,0.3362836737807653,0.11774020900483415,2.7283892764743305,0.5825736557284731,1.0543306457179349,0.3446924074523259,Reciprocating positive displacement pumps nes,8812390.6,"Machinery, Electrical",841350
75,841360,0.3643204415780263,0.5937918888899046,2.393881561829064,0.976490897740578,1.293601563695009,0.35408093460166623,Rotary positive displacement pumps nes,7834458.0,"Machinery, Electrical",841360
76,841370,0.9513645089575034,0.5289599018551003,1.6579248557935546,1.233109301194795,1.3333837914732718,0.3256369764917964,Centrifugal pumps nes,45001629.2,"Machinery, Electrical",841370
77,841381,0.14352682557115648,0.22043883311159795,0.7576906030220943,0.7039159634946467,0.625870835285457,0.1214655464834464,Pumps nes,2093961.4,"Machinery, Electrical",841381
78,841410,0.2402762551943783,0.24126498383399397,2.857983829353484,0.40521350130480815,1.7009822547088151,0.409446186301454,Vacuum pumps,3474490.2,"Machinery, Electrical",841410
79,841430,0.0638709848315226,2.3300636201284552,0.8652280847014941,1.7205908762400743,1.2931830959296091,0.2407038072231314,Compressors for refrigerating equipment,3036650.0,"Machinery, Electrical",841430
80,841440,0.3921092334514039,0.2961922501162968,1.3625552564073562,1.1110684995185691,-0.07991139567997489,0.08406852934317842,Air compressors mounted on wheeled chassis for towing,1000731.2,"Machinery, Electrical",841440
81,841480,0.29633885285274114,0.5714379839831293,2.0645115670180183,0.8664191446790545,1.3938329151577102,0.3310798675331261,"Air or gas compressors, hoods",20485047.4,"Machinery, Electrical",841480
82,841490,0.06852167069653392,0.3406161839545805,1.1316287044391922,0.8572960244803828,1.4362413138657608,0.3062887645336002,"Parts of vacuum pumps, compressors,fans,blowers,hoods",3586230.4,"Machinery, Electrical",841490
83,842119,0.22211116791366986,0.17422646857292862,4.510240448472686,0.7557147972570041,1.0022962786138854,0.2853879885533598,Centrifuges nes,1569059.4,"Machinery, Electrical",842119
84,842191,0.14396997417610993,0.08900251403024832,3.0008973991641064,0.3854387457979617,1.593717123532281,0.3645383393797101,"Parts of centrifuges, including centrifugal dryers",466834.6,"Machinery, Electrical",842191
85,842220,0.6258085224511007,0.30131990654218016,3.3906368075020787,0.4145563533629204,1.1285867028760306,0.2345293345707578,Machinery for cleaning/drying bottles/containers nes,1362175.6,"Machinery, Electrical",842220
86,847439,0.335839718676796,0.533038712768476,2.3191491103768387,1.3530305242502432,-0.6074271912335922,-0.09101578043791224,"Mixing, kneading machines for minerals except bitumen",692894.0,"Machinery, Electrical",847439
87,848110,0.7366033247921849,0.2887548896674654,1.4281462583589932,0.6102977970418432,1.063579882602661,0.2286124605012459,"Valves, pressure reducing",8130511.0,"Machinery, Electrical",848110
88,848130,0.09313726575282352,0.20289698430745767,1.6539008895128964,1.110976101647318,1.3355872628045675,0.3807921022176929,"Valves, check",890410.0,"Machinery, Electrical",848130
89,848140,0.12622358717349524,0.15672771221003254,1.8004838223284476,0.2991409222337171,1.7912490209667884,0.4113286386157082,"Valves, safety or relief",1846046.2,"Machinery, Electrical",848140
90,848180,0.3255436571963267,0.8322481103082735,1.4701239470989869,1.4080373091426388,1.2014569433279965,0.2673007629551417,"Taps, cocks, valves and similar appliances, nes",57450141.6,"Machinery, Electrical",848180
91,850440,0.02045418275094766,0.12853461847526546,1.1986524209324156,2.7123204801226843,1.0786618357432018,0.2198376378089964,"Static converters, nes",3541438.0,Transportation,850440
92,854380,0.046021562823247916,0.06287785019759858,1.0879039127022905,2.4916081666286143,1.4825315513499653,0.3631304893178392,"Electrical machines and apparatus, nes",5137076.8,Transportation,854380
93,902511,0.06056980492942686,0.15602765168059202,1.9080417500481333,2.8930211499566623,1.2164765886848787,0.2762052427728155,"Thermometers, liquid-filled",33694.2,Precision Instruments,902511
94,902519,0.055651971603004224,0.0687476121740761,2.0476355830097277,1.6638705203379234,0.8341989214047058,0.2409331562107705,"Thermometers, except liquid filled",541899.8,Precision Instruments,902519
95,902580,0.03734658818956811,0.1425561430234893,2.089749968876628,1.2644590371613438,0.9501564322744004,0.2030022263023783,"Hydrometer, pyrometer, hygrometer, alone or combined",144595.8,Precision Instruments,902580
96,902810,2.846930193598844,0.3637964637892817,3.2439352764039517,0.4864100283381154,0.2593236104645729,0.08052826276101567,Gas supply/production/calibration meters,7804399.6,Precision Instruments,902810
97,902820,0.020391215323526238,1.6742826597763336,1.7175303160485502,1.0596443701187872,0.591192351229508,0.0747035380696748,"Liquid supply, production and calibrating meters",92154.4,Precision Instruments,902820
98,903010,0.09438010843502123,0.01918715264686416,2.5884994136358004,0.11147642976670018,1.0523507846783893,0.2758885324797905,Instruments to measure or detect ionising radiations,402490.8,Precision Instruments,903010
99,903220,0.03227859804717803,0.11768590876006953,6.2796190053641245,0.19712580796741586,1.3842236741654568,0.3210071207666769,Manostats,147172.8,Precision Instruments,903220
100,903281,0.0557431355489269,0.07922109098664529,6.537880014216663,0.3832049606020159,1.3347467207863173,0.06279298570191914,Hydraulic and pneumatic automatic controls,458487.8,Precision Instruments,903281
101,252100,0.1180106087038858,0.03326528604936271,0.09221539994489872,0.1297500990335405,-0.91136403023287,-0.14180051403264748,Limestone materials for manufacture of lime or cement,331256.8,Mineral Products,252100
102,252220,1.1994103734972466,0.3354291442297018,0.8333333513455831,0.5165929393745818,-0.7714384641546641,-0.09372798489993847,Slaked lime,935327.4,Mineral Products,252220
103,281610,0.0,0.049770922417322665,0.9739712525096608,0.6007176398239278,0.7962056128676807,0.3021476157682979,Magnesium hydroxide and peroxide,0.0,Chemicals and Allied Industries,281610
104,701990,0.061512916365460475,0.09894534409435564,0.947349872485773,1.4726448458253634,-0.03153634427896332,-0.028169972375261355,"Glass fibres, glass wool and articles thereof nes",544607.6,"Natural or Cultured Pearls, Precious Metals",701990
105,842490,1.523649528017425,0.28424183651241514,1.8327396634180448,1.034169227752078,0.9824952289546592,0.20478194351676865,Parts for sprays and powder dispersers,26818704.0,"Machinery, Electrical",842490
106,280110,0.11919948055288078,0.002338306663092296,0.6036324678310143,0.21193916797829485,-0.7387551697527817,-0.1140038117901034,Chlorine,70393.2,Chemicals and Allied Industries,280110
107,281410,0.3354555464066591,0.18336269608608408,0.18675800562474115,0.007124843590319853,-1.2183766555900306,-0.01331263845997388,Anhydrous ammonia,8498071.4,Chemicals and Allied Industries,281410
108,281511,1.1304684145719677,0.06317357634472531,0.467786319966892,2.9335062372173364,-1.2784528663274006,-0.1127308061012446,Sodium hydroxide (caustic soda) solid,2985298.4,Chemicals and Allied Industries,281511
109,281512,0.6982657998138059,0.16833513702233194,1.5382538250952889,0.6504458249998569,0.5078840661617371,0.23856263804377226,Sodium hydroxide (caustic soda) in aqueous solution,9612530.8,Chemicals and Allied Industries,281512
110,281830,0.007314430466103106,7.01528800331735,2.6328948035467623,0.7261884026223313,0.2295296748126432,0.01706888648253049,Aluminium hydroxide,36566.0,Chemicals and Allied Industries,281830
111,282010,0.0,0.2826971980752761,0.07440354244733373,2.648331646792184,-0.5112538929763046,0.04589780079965214,Manganese dioxide,0.0,Chemicals and Allied Industries,282010
112,282090,0.003368345495861345,3.8920046963814015,0.1317914318596582,0.4187006765171509,0.3996018691823652,0.1080351189241988,Manganese oxides other than manganese dioxide,1663.6,Chemicals and Allied Industries,282090
113,282410,1.2768206653955885,1.6148343968810834,1.8671934651138056,0.2220451827056072,-0.429936563547666,0.08937631232685475,"Lead monoxide (litharge, massicot)",307809.0,Chemicals and Allied Industries,282410
114,283210,0.07863762530728448,0.06556755246736569,2.4342934975924435,2.0570297506826885,-0.7113388940467887,-0.005676727626558471,Sodium sulphites,81792.2,Chemicals and Allied Industries,283210
115,283220,0.05522458354744366,0.4614495980709447,2.268923424759878,0.8546204274847914,0.10429522700960037,0.2012931783982772,Sulphites of metals other than sodium,15598.8,Chemicals and Allied Industries,283220
116,283510,0.002080120072710748,0.09059450660052693,0.3745984394016937,4.369984046463357,0.4846035974331098,0.03575249053460745,Phosphinates and phosphonates,1138.8,Chemicals and Allied Industries,283510
117,283529,0.028856383481197317,0.07065422129554202,2.644644079268775,0.9934274826243088,-0.13933684268445512,-0.010739654062239591,Phosphates of metals nes,23097.6,Chemicals and Allied Industries,283529
118,283524,0.006893733807834465,0.017987893464305668,1.0021088772050164,3.155998457876445,0.5007141118654899,0.18385559121691974,Potassium phosphates,6845.2,Chemicals and Allied Industries,283524
119,283525,0.006138089628891471,0.4884578780231866,1.10312525127149,2.2971591058193206,-0.2298848773219893,0.059646076121403185,Calcium hydrogen-orthophosphate,9304.6,Chemicals and Allied Industries,283525
120,283526,0.09892609305427344,1.1375098743727303,0.7463746104221677,0.8685162507936245,-0.19736773223778414,-0.08644331438449787,Calcium phosphates except hydrogen-orthophosphate,369666.2,Chemicals and Allied Industries,283526
121,380210,0.01739958764709939,0.08441117136890725,0.5189373667896816,1.584448332468451,-0.3881512640822785,0.018023182884442858,Activated carbon,96100.2,"Plastics, Rubbers",380210
122,392690,0.1014233357840711,0.14284283569806044,1.6570626437768396,1.4471508160089523,0.6538734004784088,0.0790680460787482,Plastic articles nes,19947013.0,"Plastics, Rubbers",392690
123,580190,0.012359703996864979,0.01756464245723589,0.2423574032090225,2.6350725365061383,-0.6145002076401427,-0.09288113903450117,"Woven pile, chenille fabric of yarn nes, except terry",4802.8,Textiles,580190
124,730900,0.3929596271575807,0.8677563817292315,1.024803440597802,0.7243890151175084,-0.1042375234638601,-0.061172439670854076,"Reservoirs/tanks/vats/etc, iron/steel capacity >300l",5312865.2,Base Metals,730900
125,731010,0.2441222509343329,0.24933324863059886,1.4667193971598336,0.4315711214124754,-0.13328189322855524,-0.054130195358990614,"Tank, cask or container, iron/steel, capacity 50-300l",1281848.2,Base Metals,731010
126,731021,0.07608090338993152,0.10398103152416402,0.7981275672260237,0.9719154210028396,-0.3679011947462999,-0.11047350647377246,"Cans, iron/steel, capacity <50l closed by crimp/solde",614397.4,Base Metals,731021
127,731029,0.10550083378618116,0.3385000199549896,1.378833940956112,1.4881190492741532,-0.3285277962181596,-0.1559278270785826,"Cans, iron or steel, capacity <50 litres nes",852609.8,Base Metals,731029
128,842381,0.10829034547152024,0.05975171761155454,3.4074800642421854,2.2254399434952545,0.5933095743010225,0.1660985586620602,Weighing machinery having a capacity < 30 kg nes,289331.8,"Machinery, Electrical",842381
129,842382,0.3597653032819095,0.08196152080090263,1.544845795461257,1.7159926631655185,1.5362667242070158,0.3767320184877196,Weighing machinery having a capacity of 30-5000 kg,761874.6,"Machinery, Electrical",842382
130,842389,1.1835342189745326,0.25998509982654844,0.6825154648385665,1.3093616620517061,-0.007364305429789985,-0.09927480205477812,"Weighing machinery, nes",1052360.0,"Machinery, Electrical",842389
131,681099,0.01845781420712178,0.1041236697992022,0.9557983615149832,2.577516170243755,-0.252963712545268,-0.09333080207638984,"Articles of cement, concrete or artificial stone nes",269692.8,"Stone, Glass, Cement, Ceramics",681099
132,780600,0.3825410089085127,0.4812702751331256,1.2057015722724287,0.4402300449644822,-0.8304743462481701,-0.045184317375407436,Articles of lead nes,488616.2,Base Metals,780600
133,851629,0.017382578778058884,0.004785697279077783,0.8647593088020525,3.879238734886079,0.20998398772466995,-0.015800337375730222,Electric space heating nes and soil heating apparatus,182234.2,Transportation,851629
134,901320,0.0032242316761852204,0.0061314782211680146,3.3903931655195056,0.5703292474642857,1.7934841257053278,0.4247115639350105,"Lasers, other than laser diodes",64819.6,Precision Instruments,901320
135,392490,0.052025863779477634,0.17464984771242448,0.569994958513936,3.5539672663575113,-1.4099754297019846,-0.1687124890688875,"Plastic household, toilet articles not table, kitchen",1339828.2,"Plastics, Rubbers",392490
136,960310,0.03779552309889779,0.07659515156885692,0.1308325139323721,2.0969084657528234,-1.3042360309848595,-0.306940812593857,Brooms/brushes of vegetable material,21058.8,"Works of Art, Antiques",960310
137,960350,0.10867867165488612,0.15898323499155526,2.815925380059725,1.462835149284374,0.6056690086497998,0.14847173075325573,"Brushes nes, as parts of machines, appliances etc",302538.2,"Works of Art, Antiques",960350
138,960390,0.11114670632387688,0.2703546411833712,0.9527592379587034,4.136696664128231,-0.96547474590232,-0.09402201470690996,"Brushes, parts, nes",1124898.2,"Works of Art, Antiques",960390
139,392020,0.2943873321768124,0.4601970317983248,1.4285445965465071,0.5330485459309098,-0.3894207082064348,-0.13715623621452458,Sheet/film not cellular/reinf polymers of propylene,9399430.6,"Plastics, Rubbers",392020
140,870892,0.05704151470272065,0.17661600398597416,2.1953335172288773,0.5064635863472894,0.7069008475975859,0.116676125417895,Mufflers and exhaust pipes for motor vehicles,1709875.6,Transportation,870892
141,284700,0.04779784297181641,5.660954538106089,0.8309154168766784,0.06263381768201767,-0.1455796913531071,0.002470183720894175,Hydrogen peroxide,116398.6,Chemicals and Allied Industries,284700
142,320910,0.3549890313715425,0.6297775389045438,2.5188485698822736,0.07239561851063132,0.1846951041770981,-0.030148530935034036,"Acrylic & vinyl polymer based paint, varnish, in wate",3997762.6,Chemicals and Allied Industries,320910
143,320990,0.2328750999270208,0.26842772297394885,2.264664337101531,0.2277871165312281,0.13984695047219325,0.042413533201856674,"Polymer based paints & varnishes nes, aqueous medium",2254866.4,Chemicals and Allied Industries,320990
144,220110,0.008383630187978618,0.010098715369124751,0.4629798954228506,0.15504742987420272,-0.4106519795416008,-0.03655581044587696,Mineral and aerated waters not sweetened or flavoured,68939.2,"Prepared Foodstuffs, Beverages, Tobacco",220110
145,285100,0.010301298209579418,0.06548994997293715,0.6551861590501195,1.747798697954905,1.3757743864837366,0.23833235642965644,"Inorganic compounds,liquid/compressed air,amalgams ne",55249.6,Chemicals and Allied Industries,285100
146,391400,0.018203923727326748,0.06815513485623942,1.5420534358858549,1.0661309413666331,1.5647577975017382,0.4056967525702333,Ion exchangers based on polymers in primary forms,91961.2,"Plastics, Rubbers",391400
147,841911,0.16461082133329535,0.058455972240342775,0.34745124451585985,1.7368341409377064,0.2983262700840461,0.13502799917980146,Instantaneous gas water heaters,677617.2,"Machinery, Electrical",841911
148,290511,0.7625352785130196,0.0004587411850198282,0.16296051545933715,0.08796226522294641,-1.1465279386925902,0.0329905976437168,Methyl alcohol,23247433.4,Chemicals and Allied Industries,290511
149,220710,0.6415489170176514,11.315692237214993,0.4386271054979395,0.044704413366775435,-1.2898471015591086,-0.05089781436856816,Undenatured ethyl alcohol > 80% by volume,13177717.2,"Prepared Foodstuffs, Beverages, Tobacco",220710
150,381511,0.1920397374068576,0.05850531361251168,1.5749006098163203,0.03926500480725637,1.061680964676893,0.35206736398124683,"Supported catalysts, nickel based",711500.4,"Plastics, Rubbers",381511
151,700800,0.0171603559973106,0.06951789844806877,2.53463474670906,1.0004061662042942,0.5185207702557594,0.02792830499983567,Multiple-walled insulating units of glass,102823.0,"Natural or Cultured Pearls, Precious Metals",700800
152,853931,0.03671909812942917,0.03704977471193732,0.6866988197208691,4.91092900658837,0.3862913694101053,0.07688160492337279,"Fluorescent lamps, hot cathode",429089.4,Transportation,853931
153,390940,0.6862437443539801,0.8712304808338639,1.3576971950472354,0.6297301943588639,1.2759713683773402,0.2527599320383236,"Phenolic resins, in primary forms",4425375.0,"Plastics, Rubbers",390940
154,392010,1.161204279102758,0.484289262368575,1.769754404514876,0.6120152810362542,-0.0893475778991684,-0.08214237566994408,Sheet/film not cellular/reinf polymers of ethylene,60510885.4,"Plastics, Rubbers",392010
155,450410,0.0019106554421994106,0.0072298260979746535,0.3130697381487251,0.16796514610141305,-0.8951089866858598,0.03855479552933373,"Blocks, sheets, strip and tiles of agglomerated cork",4337.2,Wood and Wood Products,450410
156,530310,0.0,0.05828282942953202,0.15150420664073755,0.5440903264735902,-2.7603330072480614,-0.011145256405172832,"Jute and other textile bast fibres, raw or retted",0.0,Textiles,530310
157,560300,1.0042906164839338,0.7051695105948549,1.6940664280416908,1.3111035193784195,0.6348613110223268,0.1542810586329219,Nonwovens textiles except felt,49786044.4,Textiles,560300
158,560721,0.0,39.049649829592745,0.08995822581923439,0.3078223904888393,-1.4354314005386404,-0.09992352365510496,"Binder or baler twine, of sisal or agave",0.0,Textiles,560721
159,560811,0.1995659692426702,0.03506895204713492,0.035800839209676895,2.7640222290113305,-0.9834554910197224,-0.2293865208679177,"Made up fishing nets, of manmade textile materials",553408.2,Textiles,560811
160,630510,0.02615524260672403,0.017945740812545474,0.08034509862236222,0.2434156163612091,-2.3428624756369785,-0.16006215175996755,"Sacks & bags, packing, of jute or other bast fibres",27016.6,"Footwear, Headgear",630510
161,691010,0.14759537495189062,0.07978592327175471,0.6909306752165238,4.4120612796082055,-0.6214675497117645,-0.09857364356812524,"Porcelain bathroom, kitchen & other sanitary fixtures",2906456.0,"Stone, Glass, Cement, Ceramics",691010
162,701931,0.0032268893450278033,0.4079864404678429,1.4529733964884892,1.6259445354030837,0.5013861529225867,0.10315152803660307,Mats of glass fibres,7604.6,"Natural or Cultured Pearls, Precious Metals",701931
163,730300,0.0528894731368188,0.7504042591693383,0.9377481632420636,1.9767115521129817,-0.26610680682454524,-0.020503471492737468,"Tubes, pipes and hollow profiles, of cast iron",330233.6,Base Metals,730300
164,730431,0.6789876890204388,0.10878147354046548,2.3785492223522784,0.8719275190071796,0.5088020919945265,0.16362081923855393,"Iron/non-alloy steel pipe, cold drawn/rolled, nes",3603311.4,Base Metals,730431
165,730490,1.182255348644229,0.3092831856872819,0.8826322125655656,0.8256088102289014,0.004913461393390276,-0.05146257079701979,"Iron or steel tubes, pipes or hollow profiles, nes",4760465.8,Base Metals,730490
166,730630,0.695467574733769,0.27293815087131695,0.846332230899152,0.8955624107917421,-0.3791033884050171,-0.15004629314375653,"Pipes etc nes, iron/steel welded nes,diameter <406.4m",17328640.4,Base Metals,730630
167,730690,0.18687760292444106,0.5778559410831127,0.31943249268733703,0.7811500708789694,-0.8086707847192339,-0.16441728595631394,"Tube/pipe/hollow profile, iron/steel,riveted/open sea",880830.4,Base Metals,730690
168,732190,0.037654979722398486,0.22003063441786766,0.443809909166077,2.8626933168887287,0.2949472709515962,0.01753759616131133,Parts for domestic non-electric thermic appliances,194215.0,Base Metals,732190
169,732690,0.31612452123272033,0.33023647530384564,1.4374381804586982,1.1911174749351403,0.6737978847503777,0.03575074157099205,"Articles of iron or steel, nes",41930799.0,Base Metals,732690
170,761100,0.270086637855384,0.14112199199278394,1.697388818108009,0.320669309242163,0.5564478577637189,0.14377680214532915,"Aluminium reservoirs,vats, tanks, etc, volume >300l",188590.2,Base Metals,761100
171,761290,0.36125872959916777,1.3174682271667606,1.5618383099771742,0.2757876946222016,0.11368548230121367,-0.08196072264312136,"Aluminium casks, drums, boxes etc, capacity <300 litr",5514661.6,Base Metals,761290
172,840219,0.3342568384419282,0.5861756129674489,1.2122217696418762,1.1586452321482434,0.22693974329337865,-0.016079989695738355,"Vapour generating boilers nes, hybrid boilers",1012969.8,"Machinery, Electrical",840219
173,841280,0.12765713056061376,0.06693312893319417,1.566715980935781,0.19398709029644695,0.6594578895012637,0.21412489802322354,Engines and motors nes,435213.8,"Machinery, Electrical",841280
174,841459,0.05458808690056895,0.2620543450796133,2.690705255491519,1.545503484346595,1.030386467307042,0.2268374416934789,"Electric fans, motor > 125 watts",1958451.2,"Machinery, Electrical",841459
175,841581,0.004329158883723422,0.06701293060618224,0.1269672686348891,1.938281743131942,0.11134542259795513,0.017302204741931317,Air conditioners nes with reverse cycle refrigeration,41771.0,"Machinery, Electrical",841581
176,841869,0.19136965452794405,0.2822704496024641,0.8242216421231017,1.2157464063862298,0.6876930434587031,0.10309344895067346,Refrigerating or freezing equipment nes,5477838.6,"Machinery, Electrical",841869
177,841940,0.5466184650720481,0.4964930746679854,1.6393725145268656,1.3073607986204416,1.21266112540778,0.260558371540606,Distilling or rectifying plant,2485088.4,"Machinery, Electrical",841940
178,842290,0.34540898315057045,0.2512957489826165,2.8183833856657214,0.3645243451509872,0.9045069322060968,0.1920087710381686,"Parts of wash, filling, closing, aerating machinery",7835047.2,"Machinery, Electrical",842290
179,842833,0.3806980997423033,0.4491096083606909,1.8885143672653175,1.1389075994903262,0.7119897041626362,0.13053752125477755,Continuous action goods conveyor or elevator belt typ,4427914.0,"Machinery, Electrical",842833
180,842940,0.029885163694649563,1.6464949934302078,4.1538177528905,1.3370413664126315,-0.7669113507438439,0.02408162630695168,"Tamping machines and road rollers, self- propelled",205402.0,"Machinery, Electrical",842940
181,846291,0.19646097416249414,0.2536926461120184,2.338658000296991,1.04653778871202,0.960093361606174,0.18020816139791626,Hydraulic presses for working metal,757547.0,"Machinery, Electrical",846291
182,846596,0.0,0.32293015276336506,1.9984220095873888,2.617100945235685,0.8841185030181722,0.18180964960776128,"Splitting, slicing or paring machines for wood, etc",0.0,"Machinery, Electrical",846596
183,846599,0.03061953050784222,0.3988922911717979,1.119446596274848,1.1658789637387583,0.22498159071417148,0.011954796726875385,"Machine tools for wood, cork or hard plastic, etc nes",156636.6,"Machinery, Electrical",846599
184,846694,0.043612859099459535,0.26249588297177123,1.6615012119192845,0.31908560541165776,1.3050333309610715,0.2685252544870422,"Parts, accessories nes, metal shaping machine tools",570684.2,"Machinery, Electrical",846694
185,848190,0.2181031730231701,0.30523811934824396,1.2948604703016908,1.6050014855188492,1.1098688692568583,0.2562234697414757,"Parts of taps, cocks, valves or similar appliances",12138449.8,"Machinery, Electrical",848190
186,848340,0.28284839671919226,0.32153255424899113,2.4443665388802045,0.8812949729354642,1.6951369274887564,0.4081783836795623,"Gearing, ball screws, speed changers, torque converte",16622568.8,"Machinery, Electrical",848340
187,848360,0.2004259741976766,0.24500392213282654,2.9140223768823743,0.7670992875407445,1.8708026773369404,0.4525825415370783,"Clutches, shaft couplings, universal joints",2052239.0,"Machinery, Electrical",848360
188,850161,0.1058366041355466,0.6027608906997609,0.7027887347926453,1.1791787153996889,-0.34901839909390264,-0.0258632065654086,"AC generators, of an output < 75 kVA",365281.8,Transportation,850161
189,850162,0.20742592026363146,0.5014699266326311,2.593034980731025,0.5952156116854669,1.087571230554356,0.2723008375209188,"AC generators, of an output 75-375 kVA",754393.4,Transportation,850162
190,850163,0.2813437865293422,0.7863461156873565,0.2743169722947844,0.9456352721416716,0.5811666946667333,0.11413752761956195,"AC generators, of an output 375-750 kVA",330443.8,Transportation,850163
191,850421,0.8156506888660104,1.6103956372374273,0.3700931809155793,0.527062435696882,-0.4885659065681814,-0.18319792157627895,Liquid dielectric transformers < 650 KVA,4581364.8,Transportation,850421
192,850422,0.34061565037762004,0.5746978740361179,0.6532366552467335,0.652666596282676,0.010752278339266223,-0.12917761744473402,"Liquid dielectric transformers 650-10,000KVA",1889066.6,Transportation,850422
193,850423,0.04664352793398703,2.0789616983622143,0.9579525916404872,1.2154399539597684,0.46173619722126497,-0.01169462511891272,"Liquid dielectric transformers > 10,000 KVA",809145.6,Transportation,850423
194,850431,0.03466496518302483,0.10581742314483482,1.3364789808924549,2.7383343883161744,-0.4753268965423541,-0.1529155350857176,"Transformers electric, power capacity < 1 KVA, nes",557536.6,Transportation,850431
195,850432,0.01881109253704045,0.1460110553789274,1.076926204762501,1.2103320987355322,0.23629885412848214,-0.0745176969629491,"Transformers electric, power capacity 1-16 KVA, nes",37097.0,Transportation,850432
196,850433,0.042283535830846236,0.2143461076144898,0.6075197040105587,0.5266633856501028,-0.2663851773641752,-0.11735007652146,"Transformers electric, power capacity 16-500 KVA",167000.2,Transportation,850433
197,850434,0.1085522382587435,0.6105873444087943,1.523620726717684,0.8976973776313062,0.476676977090413,0.012345386624295213,"Transformers electric, power capacity > 500 KVA, nes",622830.2,Transportation,850434
198,850590,0.03265282905241841,0.11918922215868792,2.077131376411174,1.1836671573382962,1.1743241282693653,0.2483794502163318,Electro-magnets nes and parts of magnetic devices,306098.6,Transportation,850590
199,850619,0.003028573882047708,0.012288307915876654,1.0680902072537004,1.0746341430669508,0.8098375513599024,0.21335801574181334,"Primary cells, primary batteries nes, volume < 300 cc",35586.6,Transportation,850619
200,850720,0.030307868549159806,0.07216114588693852,0.95549284009674,2.2151329625875893,-0.06497666489508976,0.007226967964731702,Lead-acid electric accumulators except for vehicles,744646.6,Transportation,850720
201,850980,0.010426463962418605,0.008185818116244426,1.7402432687906533,3.15265380090806,0.8772974215483941,0.16298033857275396,"Domestic appliances, with electric motor, nes",183325.2,Transportation,850980
202,870290,0.05753343266968083,0.6966643246725486,0.4858601560270615,1.141478456327549,0.6315253654988877,0.09939636751630528,Buses except diesel powered,549312.2,Transportation,870290
203,870390,0.0002100336383583412,0.5677851770605443,1.7958344071792829,0.0487480016528726,1.630275117890805,0.39242310167200223,Other Vehicles Including Gas Turbine Powered,17062.0,Transportation,870390
204,890790,0.0658758668478363,1.0423279758479174,0.23688068898631096,0.8523307546607755,-0.14472592569360504,-0.03035112119163268,"Buoys, beacons, coffer-dams, pontoons, floats nes",252427.2,Precision Instruments,890790
205,901530,0.004084157538281473,0.01829587909499606,3.370005917965905,2.0779130199487357,1.4014086274887934,0.2596814755528554,Surveying levels,6734.2,Precision Instruments,901530
206,901540,0.11164015490703108,0.08257557349715908,1.3406738548085009,0.30955951935333925,-0.09376171934617153,0.12760328222176853,"Photogrammetrical surveying instruments, appliances",68982.8,Precision Instruments,901540
207,901590,0.047029366251493836,0.1528810952168655,0.7884402418896035,0.5281373606650571,-0.9326298564124323,0.05779008793947742,Parts and accessories for surveying etc instruments,369209.2,Precision Instruments,901590
208,902830,0.04571064322643107,0.21095300967245173,0.12629529859441513,1.5443788856348373,-0.4394283709216464,-0.05234447802491395,"Electricity supply, production and calibrating meters",503939.0,Precision Instruments,902830
209,902890,0.2380320763378481,0.25679200422396764,0.6618073496192385,1.2307950843284086,0.18367760403186215,-0.09119873476428328,"Parts, accessories for gas, liquid, electricity meter",1747020.6,Precision Instruments,902890
210,903020,0.003204740937088368,0.031823416060273564,1.0510180549566093,1.0856975410299257,1.1213844420553332,0.2966989494554834,"Cathode-ray oscilloscopes, oscillographs",8286.0,Precision Instruments,903020
211,903031,0.005626070143412997,0.04812474832700276,1.4666672610567626,1.9732480187290729,0.8625913890746014,0.2181349457156552,Electrical multimeters,12011.0,Precision Instruments,903031
212,903039,0.11108177360737784,0.08828483148435662,2.280051418735224,0.8324669593557581,1.0504264356918689,0.2144805043682129,"Ammeters, voltmeters, ohm meters, etc, non-recording",821557.8,Precision Instruments,903039
213,903089,0.02019422999793825,0.02675251312275225,0.5974395990988692,0.4690835065806926,1.4193507725744914,0.2851434182481464,Electrical measurement instruments nes,374086.2,Precision Instruments,903089
214,903081,0.07257089557025494,0.12400313173118716,1.9857549522132545,0.5928988033784733,0.7836842807762826,0.2036677874784114,Electrical measurement recording instruments,610644.8,Precision Instruments,903081
215,903090,0.010636864004006862,0.02243422077963875,0.8313449063641049,0.4120579760479797,1.0717235208479237,0.2182797511497867,"Parts & accessories, electrical measuring instruments",217719.4,Precision Instruments,903090
216,903110,0.09189098880734782,0.0627390040034118,2.191125564806045,0.5478245178356144,1.9209977473709308,0.42732532172750415,"Machines for balancing mechanical parts, nes",203637.6,Precision Instruments,903110
217,903120,0.047488496505129804,0.16650184333092746,4.5511370091667365,0.15499425741635686,0.7035847122386356,0.2402649818678712,Test benches for measuring or checking equipment,317841.0,Precision Instruments,903120
218,903140,0.023209989547419745,0.03738776318456157,2.3399984650294843,0.32625758933037924,1.6752529555305526,0.4403255722901658,"Optical instruments and appliances, nes",817332.4,Precision Instruments,903140
219,940510,0.06597333479494161,0.0366549618537423,0.7934415356682606,3.416923199660045,0.8067236588456548,0.10887523753561056,"Chandeliers, other electric ceiling or wall lights",3833504.2,Miscellaneous Manufactured Articles,940510
220,940520,0.010244532338038776,0.00999537556848732,0.5595124194649321,5.03171526578646,0.10475850455615578,0.018079892465795826,"Electric table, desk, bedside and floor lamps",128461.6,Miscellaneous Manufactured Articles,940520
221,940540,0.02222764088468751,0.03475962805200832,0.8136009637246805,4.337251196196911,0.3302075039302731,0.04507542340309465,"Electric lamps, lighting fittings, nes",1702914.4,Miscellaneous Manufactured Articles,940540
222,950720,0.0,0.0017206765967020662,0.07899763793149382,2.487539012201152,-1.2473558025248186,-0.1781094169021452,"Fish-hooks, whether or not snelled",0.0,Miscellaneous Manufactured Articles,950720
223,392030,1.251165961044042,0.08208619187286766,2.2131323612224048,0.4772081559606715,0.6111518840666633,0.08255328916085859,Sheet/film not cellular/reinf polymers of styrene,9019753.0,"Plastics, Rubbers",392030
224,392111,0.014259274915765676,0.016469133549259298,2.4547752873911124,0.4692288921660638,0.2503531369137421,-0.006925492235783447,"Sheet etc, cellular of polymers of styrene",60923.6,"Plastics, Rubbers",392111
225,392113,0.034744815511859414,0.0746646380092383,1.5658102628527268,0.7746241419915696,0.7185317541947417,0.11005691637579393,"Sheet etc, cellular of polyurethane",434281.6,"Plastics, Rubbers",392113
226,392510,0.13628187645644718,0.6195845535519996,2.289205918852028,0.2257486745173341,0.005812692899155225,-0.007883730290455419,"Plastic reservoirs, tanks, vats, etc, capacity <300l",414281.6,"Plastics, Rubbers",392510
227,400259,0.3381126566292213,0.4500761244580659,0.6369922518770581,0.16515378785741094,1.6347807577777798,0.3428908128689485,Acrylonitrile-butadiene rubber (NBR) except as latex,1178217.0,"Raw Hides, Skins, Leather and Furs",400259
228,450490,0.5480112039778706,0.6506281407399886,0.5259107207957422,1.369875979253261,-0.7182472537621759,-0.034237071982189685,Articles of agglomerated cork,249736.2,Wood and Wood Products,450490
229,530599,0.0,6.1827466614019855,0.04900369585389893,0.10027566526509156,-2.0835078752614646,-0.19000631647889424,"Vegetable fibre nes, processed not spun, tow & waste",0.0,Textiles,530599
230,540500,0.0,0.1385828788445882,0.6686711130770739,0.973843526618878,0.4038318425059668,0.09136089991461614,"Artif monofilament >67dtex t<1mm, strip, straws t<5mm",0.0,Textiles,540500
231,560790,0.02377651133447106,0.1604190175956769,0.18024732694371756,1.4747000345468342,-1.42964472504368,-0.3401896224257267,"Twine, cordage, ropes and cables, of other materials",28749.8,Textiles,560790
232,560890,0.023060793914502244,0.7503041354064943,0.17424870592150352,2.031671907406894,-1.0566796405052346,-0.3219191799057073,"Knotted netting, nets, of of natural materials",11841.6,Textiles,560890
233,680610,0.012714179230202674,0.09530748639997694,0.9979600201896978,0.62367217844934,0.924635236785362,0.0946618433868791,"Slag wool, rock wool, similar wools, bulk, sheet, rol",104063.8,"Stone, Glass, Cement, Ceramics",680610
234,680690,0.07900296551782975,0.3313926883373666,2.715633283464852,0.5699904371605625,1.5204776538884757,0.39736571061318143,Mineral heat or sound insulating materials & articles,457932.0,"Stone, Glass, Cement, Ceramics",680690
235,680800,0.008954426308655445,0.01573362065518875,0.7965135607862894,1.9627511276696008,0.19850860969760986,-0.06188641724452506,"Boards, etc of veg fibre with mineral binder or cemen",14761.6,"Stone, Glass, Cement, Ceramics",680800
236,681011,0.16173146292099502,0.027835435980240717,1.8006279425129803,1.1829651294008123,-0.08447432714425608,-0.061017896989310115,"Building blocks, bricks of cement, or artificial ston",433720.2,"Stone, Glass, Cement, Ceramics",681011
237,681019,0.5077197146037621,0.03875976310665896,0.7477620585393691,1.9558347064870911,-0.05046884026123245,-0.11681351732446647,"Tiles & flagstones of cement, concrete, artificial stone",2610147.0,"Stone, Glass, Cement, Ceramics",681019
238,681091,0.04377745530085555,0.030133290232097182,2.0747316523081882,1.5163732301192934,0.4425068671315912,0.030653642819840093,Prefabricated structural items of cement or concrete,329155.6,"Stone, Glass, Cement, Ceramics",681091
239,700991,0.3615537773935267,0.10863377455643804,0.8713946147144173,3.6543440197704826,-0.1162190458745713,-0.045879138316758265,"Glass mirrors, unframed",1113186.0,"Natural or Cultured Pearls, Precious Metals",700991
240,700992,0.020937401515683945,0.03461452074424766,0.413626717572972,4.900470292896014,-0.16713195794372082,-0.044087432521797656,"Glass mirrors, framed",108257.4,"Natural or Cultured Pearls, Precious Metals",700992
241,701939,0.6749157783832415,0.06323627281256956,0.5685877990657076,1.30651537805808,0.6436353473902859,0.07254383760261253,"Webs, mattresses, other nonwoven fibreglass products",4504833.8,"Natural or Cultured Pearls, Precious Metals",701939
242,730210,0.19954453752308432,0.01018122737475912,0.18246997845882532,1.0285510750109652,0.6186785575571386,0.15336106083099427,"Railway/tramway rails, iron or steel",1709809.6,Base Metals,730210
243,730230,0.0,0.10692278698885713,1.739814715149086,0.7295035020931229,0.4479868494657477,0.13470096119420555,"Railway/tramway switch/crossing material, iron/steel",0.0,Base Metals,730230
244,730240,0.0,1.2296305268971208,0.7483309965322765,0.9230672262024572,0.1817082961380521,0.023503822723493405,"Railway fish plates and sole plates, iron or steel",0.0,Base Metals,730240
245,730290,0.0031567405960035745,0.7109263638280647,1.5944960037978515,0.7516762410941962,-0.08823703287593224,-0.042212542772808836,"Rail/tramway construction material of iron/steel, nes",5462.2,Base Metals,730290
246,730890,0.105706096038839,0.1663083321192187,1.0099804327616426,1.8323567969197043,0.1825387162810025,-0.061080601613909324,"Structures and parts of structures, iron or steel, ne",12497980.0,Base Metals,730890
247,732113,0.04721558733410032,0.13516257234654366,0.5284104392339555,4.888517305641668,-0.5183269387972153,0.03399454865190985,"Cooking appliances for solid fuel, iron or steel",144010.2,Base Metals,732113
248,732183,0.07866804801761225,0.04283065870053852,0.694027757262525,1.3384507996463626,0.4407104478151552,0.034006394317585883,"Domestic iron/steel solid fuel appliances, not cooker",412329.6,Base Metals,732183
249,761090,0.0582691026667427,0.042049390308093335,1.8470337863665856,1.8649934354095656,0.3362872692530025,-0.01204870255762136,"Aluminium structures and parts nes, for construction",1623486.6,Base Metals,761090
250,830630,0.014013158230089973,0.014111598306747703,0.8797314041905392,4.099427918469772,0.059598048670081324,0.02820356622282614,"Photograph, picture, etc frames, mirrors of base meta",14602.6,"Machinery, Electrical",830630
251,850220,0.14799714939509798,0.019169526666935777,1.503910794073495,2.5510588978194124,0.5988844120153279,0.12483072028747585,"Generating sets, with spark ignition engines",1979392.4,Transportation,850220
252,853010,0.0012108449669695947,0.3853663872294264,2.4470219993653792,0.5509780791523871,0.8018752426410365,0.16711333133455042,"Electric signal, safety & traffic controls, railway",3049.0,Transportation,853010
253,853080,0.08026474255292054,0.2438206455396726,1.2381641154916496,0.8243195350461663,0.6493083183199077,0.02461330509370778,"Electric signal, safety & traffic controls, nes",269270.8,Transportation,853080
254,853090,0.02102094186314581,0.03667605604371767,1.1409730569090788,0.4530482276315017,1.0094809159563087,0.21317928563770816,"Electric signal, safety & traffic controller parts",76022.2,Transportation,853090
255,853720,0.3065126820749816,0.7114874911632294,2.0707329670308554,1.1843288656509745,0.09742840124712274,-0.12744226122240065,"Electrical control and distribution boards, > 1kV",7166665.8,Transportation,853720
256,853921,0.011665937463312414,0.018330847916901163,3.3076010497831985,1.796348341981275,1.3957717328762616,0.21612900320878356,"Filament lamps, tungsten halogen",98881.8,Transportation,853921
257,853939,0.015807125910955434,0.1613416336952437,1.6662985401010824,2.080535754355588,0.9566119999169872,0.2560560982831042,"Discharge lamps, other than ultra-violet lamps, nes",90272.4,Transportation,853939
258,860110,0.0,0.0,4.147932958233727,1.8854409883794607,1.117412141122779,0.2609896924622037,"Rail locomotives, externally electrically powered",0.0,Transportation,860110
259,860120,0.0,0.0,1.7189017521400796,4.339782353267147,0.01920421103925035,0.05947956514045207,Rail locomotives powered by electric accumulators,0.0,Transportation,860120
260,860210,0.0,0.8576262606249968,0.487684786650231,1.111759873084949,-0.4910146238714434,0.028358861421084233,"Rail locomotives, diesel-electric",0.0,Transportation,860210
261,860290,0.0,0.09023905039424823,3.03270766046507,1.550020931830543,-0.3296623375622984,0.019083002802661682,Rail locomotives non-electric and locomotive tenders,0.0,Transportation,860290
262,860310,0.00011878338949877651,0.7628230431992677,2.355897154717733,1.2634640148550778,1.5749345187227366,0.3933279438223965,"Self-propelled railway cars, external electric power",2320.4,Transportation,860310
263,860390,0.0,0.0001612718281244202,0.8644861749720035,1.5435849314809973,0.7285471149117262,0.207854068470864,Self-propelled railway cars except external electric,0.0,Transportation,860390
264,860400,0.07378162089774955,0.018554342424159587,1.7734508769300388,0.359449817342683,0.381279278070829,0.30918768857980056,Railway maintenance-of-way service vehicles,298140.6,Transportation,860400
265,860500,0.0,1.0504725018549694,2.4979265519844107,1.0577320524537794,0.34230018827197395,0.1343266353226258,Railway passenger and special purpose coaches,0.0,Transportation,860500
266,860610,0.0,0.09657253149003464,0.21977280202025615,0.06602050396394686,0.5023069335434172,0.08976781874137564,Railway tank cars,0.0,Transportation,860610
267,860630,0.0,0.1498507680982186,0.07454197573640704,1.3641482365331086,-0.14827921526869148,0.04166771821072586,"Railway cars, self-discharging, nes",0.0,Transportation,860630
268,860691,0.0,0.015048056899900263,0.25106687832238683,0.3470640105314888,0.07167163244471436,0.025467710233437788,"Railway cars nes, closed and covered",0.0,Transportation,860691
269,860692,0.0,0.5974751148781636,0.1415081463796615,2.5927568876031937,-0.16102444723852594,-0.004468585951555371,"Railway cars nes, open, with sides > 60 cm high",0.0,Transportation,860692
270,860699,0.0,0.05184446258779985,0.8146767887531672,1.0989872155404905,-0.009317092706345986,-0.003553529052537207,Railway cars nes,0.0,Transportation,860699
271,860711,0.0,0.4301850241635934,2.3044424315958847,0.2869233538398929,1.182855767199684,0.3481833069099278,Railway & tramway driving bogies  & bissel-bogies,0.0,Transportation,860711
272,860712,0.0,0.08635934481953758,2.5160417054443367,0.4050722955230247,0.6385877700183575,0.1991452116606672,"Railway & tramway bogies & bissel-bogies, non-driving",0.0,Transportation,860712
273,860719,0.013033908548147037,0.6605804849653277,1.313358145283143,0.8563540893797617,1.0071943125892506,0.21011683383009871,"Railway & tramway axles, wheels and parts",146341.6,Transportation,860719
274,860721,0.22479456933030847,0.20731451249567914,3.757629935279564,0.2007225368475478,1.1455856352695428,0.29027431862998193,"Air brakes, parts for railway rolling stock",1332897.8,Transportation,860721
275,860729,4.724991956045407,0.3488547213171755,1.3572720057208756,0.4114863383901928,0.4938493284593665,0.14117159350669573,"Brakes except air, parts for railway rolling stock",4945831.8,Transportation,860729
276,860730,0.021243758078100677,0.32793872919625283,2.4640266853316493,0.8776912786151301,1.4481224319775192,0.381270253914598,"Coupling devices, parts for railway rolling stock",60190.6,Transportation,860730
277,860791,0.0202985411418575,0.10387302156706303,1.6572690752206656,1.5143034698782434,1.0775399985785552,0.17485683647799555,Railway locomotive parts nes,72640.2,Transportation,860791
278,860799,0.002241365964564246,0.19832532625264576,1.7747872487712981,0.4937265048128933,1.6933397820022047,0.3722636466347545,Railway rolling stock parts nes,29101.0,Transportation,860799
279,860800,0.0744422541055472,0.2451700212337068,1.4682662175519516,0.8419379066669512,0.4689507599508987,0.027451355509885304,"Signals etc for rail, tram, water-way, port, airfield",250348.8,Transportation,860800
280,871200,0.0033083046245195517,0.007307319643385494,0.9977546257591892,3.2064942553194475,-0.35323993252370745,-0.09157964846973793,"Bicycles, other cycles, not motorized",85158.8,Transportation,871200
281,871411,0.0,0.0,0.10849929177919522,3.675543347684721,-1.195800081532244,-0.07349929168307437,Motorcycle saddles,0.0,Transportation,871411
282,871419,0.055303784285141024,0.1097284269149648,0.41185262177773657,2.7467685651666662,0.18836070665246693,0.09341076471170393,Motorcycle parts except saddles,1467933.8,Transportation,871419
283,871420,0.00417917855591106,0.017982747782499843,1.1352834211067098,2.000074898130378,0.6983156284234739,0.06576244978790423,Wheelchair parts,12286.2,Transportation,871420
284,871491,0.0013569929244443527,0.007097951719306302,0.3000684852488918,4.714077874414741,-0.6060087810272994,-0.021989437328688417,"Bicycle frames and forks, and parts thereof",8199.8,Transportation,871491
285,871492,0.007179701958138574,0.025845438610443843,0.4960700084754739,3.1976237836118884,-0.3220974547885636,-0.12217484584960693,Bicycle wheel rims and spokes,11120.6,Transportation,871492
286,871493,0.003482853334504232,0.014918810964474463,0.5493725951772803,1.7671417422127866,0.841423123572365,0.165253030417431,"Bicycle hubs, free-wheel sprocket wheels",7068.2,Transportation,871493
287,871494,0.002350877714023057,0.014354071036869797,0.8143275375516004,1.2871048152214912,0.8461907355222861,0.15859370420952895,"Bicycle brakes, parts thereof",7434.0,Transportation,871494
288,871495,0.004750694950937823,0.1491853079191525,0.4123749307058637,2.764256184585684,-0.13063919596320675,-0.02566923707404856,Bicycle saddles,5084.6,Transportation,871495
289,871496,0.0021910487506510198,0.02871154345000941,0.5668823928404843,1.4780694748433603,0.5084394272201641,0.07678551706403193,"Bicycle pedals/crank-gear, parts thereof",5703.4,Transportation,871496
290,871499,0.002701877836539782,0.01013690407688687,0.7869965624128107,1.67112237980756,0.4264397915302579,0.05478879249286101,Bicycle parts nes,30380.4,Transportation,871499
291,871639,0.08322635090518687,0.5799705664833307,3.944782634176329,0.5076093656199179,0.7122923667352776,0.12817942312426964,Trailers nes for the transport of goods,2804133.4,Transportation,871639
292,900580,0.012932704607019323,0.006838714957292685,1.3685958554060325,2.0585900529711214,0.9035991098117064,0.17654667992708786,"Monoculars, telescopes, etc",20030.4,Precision Instruments,900580
